method,n_steps,h,terminal_frobenius_error,rhs_evaluations,jacobian_evaluations,newton_iterations,matched_pair
euler,40,0.05,0.0037809112928040072,40,0,0,False
euler,80,0.025,0.0018378969617679664,80,0,0,False
euler,160,0.0125,0.000920659614059523,160,0,0,False
euler,320,0.00625,0.0004614091664322836,320,0,0,False
rk4,40,0.05,4.220284965757891e-06,160,0,0,False
rk4,75,0.02666666666666667,5.0944288433417014e-08,300,0,0,True
rk4,80,0.025,2.81369722714134e-08,320,0,0,False
rk4,160,0.0125,2.417728275050263e-09,640,0,0,False
rk4,320,0.00625,2.391546165920788e-10,1280,0,0,False
rk4,640,0.003125,1.7123206601523878e-11,2560,0,0,False
rk4,1280,0.0015625,1.1311630746747954e-12,5120,0,0,False
rk4,2560,0.00078125,7.396822887264422e-14,10240,0,0,False
implicit_euler,40,0.05,0.003823492431012187,288,124,124,False
implicit_euler,80,0.025,0.0018786499419199678,464,192,192,False
implicit_euler,160,0.0125,0.0009319354146544473,862,351,351,False
implicit_euler,320,0.00625,0.00046428551891929034,1656,668,668,False
gauss_irk4,8,0.25,0.00010971004632632181,120,48,24,False
gauss_irk4,16,0.125,9.493473733382043e-06,200,76,38,False
gauss_irk4,32,0.0625,7.34747022837849e-07,376,140,70,False
gauss_irk4,64,0.03125,5.078980013258162e-08,720,264,132,True
gauss_irk4,128,0.015625,3.28780015725601e-09,1296,456,228,False
gauss_irk4,256,0.0078125,2.075718095150669e-10,2144,688,344,False
