method,t,energy
euler,0.0,16.4608
euler,0.1,0.41947661577748485
euler,0.2,0.35277191577222455
euler,0.30000000000000004,0.31280185127283744
euler,0.4,0.28336522403302994
euler,0.5,0.2589410790193845
euler,0.6000000000000001,0.23728273549845083
euler,0.7000000000000001,0.21732827805302604
euler,0.8,0.19848736655385146
euler,0.9,0.18038131775085944
euler,1.0,0.1627565830318848
euler,1.1,0.1454667682825391
euler,1.2000000000000002,0.12847610662264547
euler,1.3,0.11186088629195381
euler,1.4000000000000001,0.0957976573669489
euler,1.5,0.08053509323468298
euler,1.6,0.06635243244880439
euler,1.7000000000000002,0.053511910263389424
euler,1.8,0.042214974855435204
euler,1.9000000000000001,0.03257159976567869
euler,2.0,0.024588538233586837
rk4,0.0,16.4608
rk4,0.1,1.6966045001141785
rk4,0.2,0.7311984449144329
rk4,0.30000000000000004,0.44490194059203053
rk4,0.4,0.3264748022017194
rk4,0.5,0.2663912626647013
rk4,0.6000000000000001,0.2304682838302046
rk4,0.7000000000000001,0.2055027191060767
rk4,0.8,0.1856672288178508
rk4,0.9,0.16818086001252225
rk4,1.0,0.15169082754699809
rk4,1.1,0.13559111438099666
rk4,1.2000000000000002,0.11970290205843175
rk4,1.3,0.10410376235059284
rk4,1.4000000000000001,0.08901931254399519
rk4,1.5,0.07474208253292722
rk4,1.6,0.06156565843151201
rk4,1.7000000000000002,0.049733185331683805
rk4,1.8,0.03940323062453091
rk4,1.9000000000000001,0.03063524781997126
rk4,2.0,0.02339360985040103
implicit_euler,0.0,16.4608
implicit_euler,0.1,3.8789410207044672
implicit_euler,0.2,1.5004116957081879
implicit_euler,0.30000000000000004,0.7786197433625855
implicit_euler,0.4,0.4918781853695693
implicit_euler,0.5,0.35555567141191974
implicit_euler,0.6000000000000001,0.28096926732004474
implicit_euler,0.7000000000000001,0.23467300793046267
implicit_euler,0.8,0.20228066799880115
implicit_euler,0.9,0.1770311375167141
implicit_euler,1.0,0.15558776588132547
implicit_euler,1.1,0.13630320099937862
implicit_euler,1.2000000000000002,0.11842535591879874
implicit_euler,1.3,0.10169419088184897
implicit_euler,1.4000000000000001,0.08611277263574481
implicit_euler,1.5,0.07180368909598686
implicit_euler,1.6,0.05891461591268926
implicit_euler,1.7000000000000002,0.047558690905694374
implicit_euler,1.8,0.037783063086267527
implicit_euler,1.9000000000000001,0.02956024286985828
implicit_euler,2.0,0.02279599131157278
gauss_irk4,0.0,16.4608
gauss_irk4,0.1,2.1183424722020052
gauss_irk4,0.2,0.8232983105226643
gauss_irk4,0.30000000000000004,0.47609825204130884
gauss_irk4,0.4,0.33964607562575305
gauss_irk4,0.5,0.2727277643678834
gauss_irk4,0.6000000000000001,0.23378717018288092
gauss_irk4,0.7000000000000001,0.20734630355370628
gauss_irk4,0.8,0.18673559087856734
gauss_irk4,0.9,0.168819715721829
gauss_irk4,1.0,0.15208203256553554
gauss_irk4,1.1,0.1358350839999743
gauss_irk4,1.2000000000000002,0.11985722337112183
gauss_irk4,1.3,0.10420246503870474
gauss_irk4,1.4000000000000001,0.08908299179880418
gauss_irk4,1.5,0.0747834441397271
gauss_irk4,1.6,0.061592663087211855
gauss_irk4,1.7000000000000002,0.04975088353383316
gauss_irk4,1.8,0.03941485934497875
gauss_irk4,1.9000000000000001,0.030642899131862824
gauss_irk4,2.0,0.02339864531729994
