method,n_steps,h,terminal_frobenius_error,observed_order,rhs_evaluations,jacobian_evaluations,newton_iterations
euler,40,0.05,0.0037809112928040072,,40,0,0
euler,80,0.025,0.0018378969617679664,1.0406781145055024,80,0,0
euler,160,0.0125,0.000920659614059523,0.9973161195959126,160,0,0
euler,320,0.00625,0.0004614091664322836,0.9966211970764983,320,0,0
rk4,40,0.05,4.220284965757891e-06,,160,0,0
rk4,80,0.025,2.81369722714134e-08,7.228729513728487,320,0,0
rk4,160,0.0125,2.417728275050263e-09,3.5407430767571673,640,0,0
rk4,320,0.00625,2.391546165920788e-10,3.3376365651119295,1280,0,0
rk4,640,0.003125,1.7123206601523878e-11,3.8039188406039752,2560,0,0
rk4,1280,0.0015625,1.1311630746747954e-12,3.9200740591017698,5120,0,0
rk4,2560,0.00078125,7.396822887264422e-14,3.934757389245049,10240,0,0
implicit_euler,40,0.05,0.003823492431012187,,288,124,124
implicit_euler,80,0.025,0.0018786499419199678,1.025194750783574,464,192,192
implicit_euler,160,0.0125,0.0009319354146544473,1.0113943860891295,862,351,351
implicit_euler,320,0.00625,0.00046428551891929034,1.0052176922386242,1656,668,668
