method,h,n_steps,one_step_fast_perturbation_amplification,one_step_energy_change,max_energy_increase,singular_value_crossing,terminal_exact_error,status
euler,0.3333333333333333,6,nan,127.75776111820801,nan,,nan,diverged_or_failed
euler,0.2857142857142857,7,nan,31.90464430763746,nan,,nan,diverged_or_failed
euler,0.25,8,5.500000210822975,-0.23624397619200366,-0.01837664744270029,False,1.9918028133639512,ok
euler,0.2,10,4.200000165432982,-14.96446381924024,-0.018040038239344247,True,2.008156907875841,ok
euler,0.16666666666666666,12,3.333333471466915,-16.200320090111997,-0.01485154909420814,False,2.0082573498681717,ok
euler,0.125,16,2.250000106229777,-15.918223168511998,-0.010309716464463936,True,1.0082579702953025,ok
euler,0.1,20,1.6000000835347805,-16.041323384222515,-0.00798306153209185,True,0.02366057623867311,ok
euler,0.08333333333333333,24,1.166666736551747,-16.125032005632,-0.00634758532964191,False,0.009058322383710923,ok
euler,0.0625,32,0.6250000539331779,-15.708238708031999,-0.004578225293632537,False,0.005007977010434007,ok
euler,0.05,40,0.3000000425856797,-14.827201473753908,-0.003577435762710801,False,0.0037809112928040072,ok
euler,0.04,50,0.04000003439585953,-13.567988720137791,-0.002808429374865473,False,0.00296560766222373,ok
euler,0.03125,64,0.18749997110489858,-11.927438019251998,-0.002158146303012913,False,0.002300802210382953,ok
euler,0.025,80,0.34999998010931677,-10.378988240589617,-0.0017062988719162633,False,0.0018378969617679664,ok
rk4,0.3333333333333333,6,nan,225.75664932469914,nan,,nan,diverged_or_failed
rk4,0.2857142857142857,7,6.0166793880434,-15.774818545482601,-0.024826238550428686,False,0.0011216982748168522,ok
rk4,0.25,8,2.149740052637128,-16.197101631457464,-0.020868577405742605,False,0.00824110241936204,ok
rk4,0.2,10,0.040413250523840816,-16.134452424223152,-0.01604490862309597,True,0.01815045018613829,ok
rk4,0.16666666666666666,12,1.0859052723688478,-16.164369718067377,-0.01285185421273299,False,0.008241050424793136,ok
rk4,0.125,16,0.6462939539098045,-15.647948292398695,-0.0092777851041909,False,0.0013003370698971388,ok
rk4,0.1,20,0.12827557238637155,-14.76419549988582,-0.007241637969570228,False,0.00031971108970065275,ok
rk4,0.08333333333333333,24,0.1084683298735456,-14.016516848411806,-0.0059323524864635935,False,0.00010307654383750762,ok
rk4,0.0625,32,0.29257015032868594,-12.840047991255247,-0.004353215137532739,False,1.722345354843469e-05,ok
rk4,0.05,40,0.3766851053299547,-11.873205472276641,-0.003436714682186884,False,4.220284965757891e-06,ok
rk4,0.04,50,0.44668127863189966,-10.841846281696334,-0.0027201859279043263,False,9.932479357499435e-07,ok
rk4,0.03125,64,0.5185263685092423,-9.646292660520224,-0.002105299116631258,False,1.790760493684785e-07,ok
rk4,0.025,80,0.5801471658628543,-8.55027360958383,-0.001672949549263631,False,2.81369722714134e-08,ok
implicit_euler,0.3333333333333333,6,0.26503685246481723,-15.086750908013933,-0.026717907616875047,False,0.03146232433408217,ok
implicit_euler,0.2857142857142857,7,0.28298504428647675,-14.873505871658091,-0.021839139121647002,False,0.026106909172391255,ok
implicit_euler,0.25,8,0.2992577052829404,-14.66636954154189,-0.01853253648991147,False,0.022269120684397684,ok
implicit_euler,0.2,10,0.3279968452396531,-14.269365408853849,-0.014293792931119199,False,0.017165937577826553,ok
implicit_euler,0.16666666666666666,12,0.35294117406436953,-13.894129280396132,-0.011666874421428802,False,0.013944263491313636,ok
implicit_euler,0.125,16,0.39497810355726415,-13.203106133685584,-0.008555990862131158,False,0.010124235928344959,ok
implicit_euler,0.1,20,0.42976893155355356,-12.581858979295532,-0.0067642515582855,False,0.007942882684457439,ok
implicit_euler,0.08333333333333333,24,0.4595061620094043,-12.020226648252486,-0.005595921742216712,False,0.006534254167686876,ok
implicit_euler,0.0625,32,0.5084900411844728,-11.043342765842779,-0.004161401181399897,False,0.004823728159866344,ok
implicit_euler,0.05,40,0.5478152864668573,-10.22095967467921,-0.003313171491832221,False,0.003823492431012187,ok
implicit_euler,0.04,50,0.5878095432620967,-9.357377032484667,-0.0026407709969918126,False,0.0030368991461438414,ok
implicit_euler,0.03125,64,0.6321711598644697,-8.375020600805584,-0.0020566629468045904,False,0.002358189181333381,ok
implicit_euler,0.025,80,0.6717072231765542,-7.4837659488808885,-0.0016417537170858587,False,0.0018786499419199678,ok
