method,n_steps,h,terminal_frobenius_error,rhs_evaluations,jacobian_evaluations,newton_iterations,matched_point
euler,40,0.05,0.0037809112928040072,40,0,0,False
euler,80,0.025,0.0018378969617679664,80,0,0,False
euler,120,0.016666666666666666,0.0012261569223981491,120,0,0,False
euler,160,0.0125,0.000920659614059523,160,0,0,True
euler,240,0.008333333333333333,0.0006146876920221387,240,0,0,False
euler,320,0.00625,0.0004614091664322836,320,0,0,False
rk4,12,0.16666666666666666,0.008241050424793136,48,0,0,False
rk4,14,0.14285714285714285,0.0030740364264043073,56,0,0,False
rk4,17,0.11764705882352941,0.0008850170662666466,68,0,0,True
rk4,20,0.1,0.00031971108970065275,80,0,0,False
rk4,24,0.08333333333333333,0.00010307654383750762,96,0,0,False
rk4,32,0.0625,1.722345354843469e-05,128,0,0,False
rk4,40,0.05,4.220284965757891e-06,160,0,0,False
implicit_euler,40,0.05,0.003823492431012187,288,124,124,False
implicit_euler,80,0.025,0.0018786499419199678,464,192,192,False
implicit_euler,120,0.016666666666666666,0.0012457487775263869,664,272,272,False
implicit_euler,160,0.0125,0.0009319354146544473,862,351,351,True
implicit_euler,240,0.008333333333333333,0.0006197754305741403,1260,510,510,False
implicit_euler,320,0.00625,0.00046428551891929034,1656,668,668,False
