t,s1,s2,s3,energy,exact_energy,orthogonality_defect,exact_orthogonality_defect,lyapunov_identity_residual_next_interval
0.0,3.0,1.4,0.20000000000000004,16.4608,16.4608,8.114382293187818,8.114382293187818,0.2397920440589587
0.005,2.8872843196373044,1.3933610131021363,0.20096211417422935,13.907529850575775,13.907529425842501,7.458560142702015,7.458560028810521,0.16283990849365182
0.01,2.7873403112602455,1.3868802624653418,0.20192846537952955,11.898952590614515,11.898951987701215,6.898971688770585,6.898971513987057,0.1137919141023076
0.015,2.697959880977737,1.380552266277494,0.20289906660687107,10.291435580238836,10.291434922829229,6.416053484888927,6.41605327996245,0.08150737549198084
0.02,2.617433918973173,1.3743718004602488,0.20387393080207897,8.985618625964973,8.98561797525045,5.995204292087125,5.995204075008774,0.0596556014434384
0.025,2.5444161826053655,1.3683338833503582,0.20485307086427282,7.911017105419497,7.911016490273199,5.625306073599728,5.62530585489294,0.04449937704080753
0.03,2.477829961407341,1.3624337614773445,0.20583649964429082,7.0165232977903225,7.016522730249403,5.297744160599046,5.297743946341463,0.03375783937661936
0.035,2.4168024922439875,1.356666896346073,0.20682422994308708,6.264359515381235,6.26435899876007,5.005740510806063,5.005740304394574,0.025997543247527233
0.04,2.360617874524253,1.3510289521414762,0.20781627451011284,5.626121298147282,5.626120831353692,4.743889247504534,4.743889050706684,0.02029386795730659
0.045,2.3086826195615253,1.3455157842804193,0.20881264604167696,5.080124558301187,5.080124138151362,4.507826331304784,4.507826144895724,0.01603636879185899
0.05,2.2605000143955394,1.3401234287426498,0.20981335717927949,4.609588067544846,4.609587690003569,4.293990250359144,4.293990074512781,0.012813506069235814
0.055,2.2156507535924668,1.3348480921190164,0.21081842050793267,4.201363878810248,4.20136353964631,4.099445757079973,4.099445591611778,0.010342538356042041
0.06,2.1737781052315914,1.329686142320712,0.21182784855445438,3.845034864695767,3.84503455981643,3.9217520904288516,3.9217519349476606,0.008425846376802326
0.065,2.134576408032805,1.3246340998983226,0.21284165378574238,3.5322629804077743,3.532262706016795,3.75886311557512,3.7588629695783244,0.006923122971450368
0.07,2.0977820504158164,1.319688629924004,0.21385984860702678,3.256311762606397,3.2563115152657627,3.609050713196697,3.609050576129829,0.0057333098819114525
0.075,2.063166322627613,1.3148465343941527,0.21488244536010226,3.0116918439681983,3.0116916206084263,3.4708453402410187,3.4708452115347503,0.00478264985876109
0.08,2.0305296991338397,1.3101047451136385,0.21590945632153566,2.7938945898038776,2.7938943877079785,3.342989434505516,3.3429893135982223,0.004016650459099935
0.085,1.9996972250034688,1.3054603170259762,0.2169408937008538,2.5991897081309365,2.5991895249060906,3.224400538475911,3.224400424826973,0.003394594886607649
0.09,1.9705147629726376,1.300910421956819,0.21797676963870974,2.4244698768838244,2.424469710428569,3.1141418573236668,3.1141417504208566,0.002885738736924992
0.095,1.9428459177109134,1.2964523427408772,0.21901709620502463,2.267130321720097,2.267130170191136,3.011398559951902,3.011398459314965,0.0024666397442700827
0.1,1.9165694975037149,1.2920834677048272,0.2200618853971101,2.124974650472764,2.124974512253571,2.9154585577385688,2.9154584629204177,0.002119259777551008
0.105,1.891577405827933,1.2878012854810321,0.22111114913776736,1.9961406077124066,1.9961404813845811,2.825696804480202,2.8256967150666266,0.001829600170140111
0.11,1.867772879374457,1.2836033801288897,0.2221648992733613,1.8790410812743532,1.8790409655920515,2.7415623875989787,2.7415623032074623,0.001586709918932172
0.115,1.8450690072156075,1.2794874265425282,0.22322314757187775,1.7723168871038089,1.7723167809712264,2.6625678486031554,2.66256776888118,0.0013819575869469247
0.12,1.8233874796149525,1.2754511861251978,0.22428590572095278,1.6747987232790724,1.6747986257308085,2.5882802964741454,2.588280221097251,0.0012084917206003354
0.125,1.8026575255625263,1.27149250271228,0.22535318532588128,1.5854763161215197,1.5854762263055338,2.5183139725788917,2.518313901248638,0.0010608374015106392
0.13,1.7828150063042962,1.267609298726226,0.2264249979076053,1.503473247810904,1.5034731649737678,2.4523239980156815,2.452323930457612,0.0009345920461303336
0.135,1.7638016385130002,1.263799571548,0.22750135490067366,1.4280263023439959,1.4280262258181717,2.390001089827363,2.390001025789045,0.0008261942210321394
0.14,1.745564325752981,1.2600613900907986,0.22858226765118592,1.3584684275939334,1.3584683567867986,2.331067075477609,2.331067014726774,0.0007327466234876567
0.145,1.728054580846384,1.256392891562858,0.22966774741470714,1.294214608747926,1.2942145431323033,2.2752710684645256,2.2752710107873333,0.0006518795760577234
0.15,1.7112280248926492,1.2527922784071683,0.2307578053541631,1.2347500990555818,1.2347500381615666,2.2223861942116017,2.222386139411031,0.0005816450517777128
0.155,1.695043951208715,1.249257815406788,0.23185245253771125,1.179620569549868,1.179620512957776,2.1722067761148964,2.1722067240092744,0.0005204338738238334
0.16,1.679464944481183,1.245787826945287,0.23295169993658874,1.1284238289061261,1.1284237762403866,2.124545908100012,2.124545858521662,0.0004669106291146363
0.165,1.6644565470588282,1.2423806944126103,0.23405555842293782,1.0808028342702571,1.0808027851941255,2.0792333532052214,2.0792333059992334,0.0004199622076423992
0.17,1.6499869656450405,1.239034853747325,0.23516403876760633,1.0364397684436102,1.036439722654581,2.03611371828158,2.0361136733046914,0.00037865689091098886
0.17500000000000002,1.6360268127375772,1.235748793106883,0.23627715163792623,0.9950510017849447,0.9950509590107708,1.9950448634403635,1.99504482055995,0.0003422116575553247
0.18,1.622548878056046,1.2325210506580928,0.23739490759546855,0.9563827912263804,0.9563827512215988,1.9558965118087208,1.9558964709018714,0.0003099659180056946
0.185,1.6095279259340314,1.2293502124805595,0.2385173170937749,0.9202075959014995,0.9202075584444077,1.9185490308058322,1.9185489917585192,0.0002813603196951675
0.19,1.5969405152627363,1.226234910576328,0.23964439047606523,0.8863209105721186,0.8863208754621275,1.8828923607812726,1.8828923234875938,0.0002559195582199081
0.195,1.5847648390802576,1.2231738209794498,0.24077613797292235,0.8545385354806129,0.8545385025359347,1.8488250706658138,1.8488250350273112,0.0002332383819378947
0.2,1.5729805813241096,1.2201656619595989,0.24191256969995376,0.8246942153441602,0.8246941843997783,1.816253523431308,1.816253489356349,0.00021297014150256643
0.20500000000000002,1.5615687886195075,1.2172091923142694,0.2430536956554278,0.7966375916400389,0.7966375625459209,1.785091136765895,1.7850911041691075,0.00019481739009297172
0.21,1.550511755274389,1.2143032097444444,0.24419952571788894,0.7702324216477137,0.7702323942672414,1.7552577265435565,1.7552576953453205,0.00017852413200447614
0.215,1.539792919904072,1.211446549308964,0.24535006964374886,0.7453550253364465,0.7453549995450317,1.7266789224826329,1.726678892608619,0.00016386940907953118
0.22,1.5293967723217383,1.2086380819531326,0.24650533706485198,0.721892927448998,0.721892903132857,1.699285646910487,1.699285618291236,0.00015066197363822198
0.225,1.5193087695121306,1.205876713107397,0.24766533748602096,0.6997436672950271,0.6997436443500953,1.6730136488325815,1.6730136214031197,0.00013873584950108153
0.23,1.5095152596602417,1.2031613813521844,0.2488300802825757,0.6788137530403469,0.6788137313713198,1.6478030865857083,1.6478030602852027,0.00012794661897386206
0.23500000000000001,1.5000034133387268,1.2004910571452536,0.24999957469783066,0.6590177408261534,0.6590177203456327,1.6235981532708805,1.6235981280423215,0.00011816830939714862
0.24,1.4907611610708433,1.1978647416081314,0.25117382984056874,0.6402774220085563,0.6402774026362876,1.6003467399392624,1.600346715729173,0.00010929077124144371
0.245,1.4817771365829189,1.195281465368424,0.25235285468249086,0.6225211042798393,0.6225210859420389,1.5780001321670911,1.5780001089252673,0.00010121746692615119
0.25,1.473040625144087,1.1927402874549942,0.25353665805564346,0.6056829745050094,0.6056829571337561,1.5565127362215954,1.5565127139008612,9.386359734930849e-05
0.255,1.4645415164633773,1.190240294243178,0.25472524864982155,0.5897025328499453,0.5897025163826418,1.5358418315047229,1.535841810060713,8.715451243057615e-05
0.26,1.4562702616769052,1.1877805984473904,0.25591863500994927,0.5745240892475408,0.574524073626428,1.515947346377889,1.5159473257688447,8.102435743628789e-05
0.265,1.4482178340122964,1.1853603381586284,0.25711682553343773,0.5600963144917613,0.5600962996634864,1.4967916548294373,1.496791635016025,7.541491833817915e-05
0.27,1.44037569276481,1.1829786759245238,0.25831982846751933,0.5463718393043211,0.5463718252195459,1.478339391755927,1.4783393727010667,7.027463307540671e-05
0.275,1.4327357502608982,1.180634797869754,0.25952765190655896,0.5333068956157221,0.5333068822287718,1.4605572848960386,1.4605572665647475,6.555774393790514e-05
0.28,1.4252903415210145,1.1783279128547284,0.26074030378934254,0.5208609950672475,0.520860982335796,1.4434140016880084,1.4434139840472602,6.122356860149836e-05
0.28500000000000003,1.4180321963650728,1.1760572516706074,0.26195779189634305,0.5089966403942447,0.5089966282790288,1.4268800095232181,1.4268799925418099,5.723587171235778e-05
0.29,1.4109544137316803,1.173822066268815,0.26318012384696454,0.4976790659111612,0.497679054375722,1.4109274480442446,1.410927431692675,5.356232235120828e-05
0.295,1.404050438006661,1.1716216290233123,0.26440730709676247,0.486876003799829,0.4868759928102823,1.3955300122889926,1.395529996539354,5.0174024096794057e-05
0.3,1.3973140371778465,1.1694552320240026,0.26563934893464136,0.4765574733165387,0.47655746284135975,1.38066284561661,1.3806628304424795,4.704510758912761e-05
0.305,1.3907392826520817,1.1673221863997354,0.2668762564800329,0.46669559039059955,0.46669558040043446,1.3663024414683589,1.3663024268447077,4.415237580945863e-05
0.31,1.3843205305871515,1.1652218216694457,0.2681180366800493,0.457264395395838,0.4572643858633298,1.3524265531197441,1.352426539022848,4.147499630113849e-05
0.315,1.3780524046061848,1.163153485120069,0.26936469630661514,0.4482396971439476,0.4482396880435771,1.3390141106709035,1.3390140970782602,3.899423069442243e-05
0.32,1.3719297797752659,1.161116541209937,0.27061624195357886,0.4395989313807382,0.43959892268868206,1.326045144602156,1.326045131492412,3.6693200083259825e-05
0.325,1.365947767736696,1.1591103709964266,0.2718726800338026,0.4313210322682501,0.4313210239622488,1.313500715292154,1.313500702645033,3.4556678270236674e-05
0.33,1.3601017029007696,1.1571343715867106,0.27313401677622784,0.4233863155116048,0.4233863075708436,1.3013628479584083,1.3013628357546463,3.2570910672991005e-05
0.335,1.3543871296082257,1.1551879556105227,0.27440025822292535,0.41577637194304484,0.41577636434804444,1.2896144725351757,1.289614460756461,3.072345513799313e-05
0.34,1.3487997901838342,1.1532705507138918,0.27567141022611774,0.4084739705099168,0.408473963242434,1.2782393680526614,1.2782393566815786,2.9003041773556504e-05
0.34500000000000003,1.3433356138089982,1.1513815990728806,0.27694747844518647,0.40146296973101164,0.4014629627739486,1.2672221111249782,1.2672221001449566,2.739944949303741e-05
0.35000000000000003,1.337990706147904,1.1495205569263989,0.278228468343658,0.39472823678892766,0.3947282301262469,1.2565480281929977,1.2565480175882606,2.59033961107491e-05
0.355,1.332761339667702,1.1476868941272045,0.279514385186164,0.388255573516879,0.3882555671335284,1.2462031512026905,1.2462031409582122,2.4506442241278847e-05
0.36,1.3276439445985766,1.1458800937102835,0.28080523403539065,0.3820316486182929,0.38203164250013527,1.2361741764303167,1.23617416653178,2.3200905253650816e-05
0.365,1.3226351004843484,1.1440996514778023,0.28210101974900115,0.37604393552799753,0.3760439296617443,1.2264484261932869,1.2264484166270415,2.1979783446202106e-05
0.37,1.317731528278616,1.142345075599894,0.2834017469765418,0.370280655386046,0.3702806497591998,1.2170138132100983,1.2170138039631264,2.083668808006145e-05
0.375,1.3129300829453365,1.1406158862305733,0.28470742015632905,0.36473072465027057,0.36473071925106954,1.207858807394756,1.2078587984546365,1.9765783362490907e-05
0.38,1.3082277465262762,1.1389116151381042,0.28601804351231686,0.35938370692243143,0.35938370173979944,1.1989724048908406,1.1989723962457175,1.8761732798466824e-05
0.385,1.3036216216409544,1.1372318053491823,0.2873336210509461,0.35422976860608296,0.35422976362958286,1.190344099168107,1.190344090806659,1.7819651154327154e-05
0.39,1.2991089253875918,1.1355760108063335,0.2886541565579767,0.3492596380527117,0.34925963327250253,1.1819638540204378,1.18196384593185,1.6935061760370296e-05
0.395,1.2946869836161816,1.1339437960379455,0.2899796535952999,0.3444645678868892,0.34446456329368663,1.173822078318327,1.1738220704922644,1.6103857999216764e-05
0.4,1.2903532255471766,1.1323347358403926,0.2913101154977363,0.33983630023163197,0.3398362958166715,1.165909602381989,1.165909594808571,1.5322269118822618e-05
0.405,1.286105178711447,1.1307484149717275,0.2926455453698136,0.33536703458232625,0.3353670303373296,1.1582176558528647,1.158217648522642,1.4586829216733932e-05
0.41000000000000003,1.281940464189105,1.1291844278564573,0.29398594608252954,0.3310493981018264,0.33104939401897016,1.150737846951818,1.1507378398557513,1.3894349796039762e-05
0.41500000000000004,1.2778567921265869,1.1276423783009197,0.2953313202700996,0.32687641813103113,0.3268764142029181,1.1434621430218512,1.1434621361512904,1.3241894511129004e-05
0.42,1.273851957512998,1.1261218792188277,0.29668167032668624,0.3228414967286539,0.3228414929482855,1.1363828522617787,1.1363828456084428,1.2626757069478245e-05
0.425,1.2699238361982084,1.1246225523665445,0.29803699840311487,0.3189383870713144,0.31893838343206615,1.129492606565115,1.129492600121074,1.2046440846846806e-05
0.43,1.2660703811365353,1.1231440280876943,0.29939730640357554,0.3151611715606935,0.31516116805629174,1.1227843453855126,1.1227843391431709,1.149864051552818e-05
0.435,1.262289618841081,1.1216859450667116,0.30076259598230554,0.3115042414985276,0.31150423812302724,1.1162513005565147,1.1162512945085927,1.0981225680883888e-05
0.44,1.2585796460349266,1.1202479500909792,0.30213286854026694,0.30796227820284106,0.3079622749506075,1.1098869819992323,1.1098869761387553,1.049222614202261e-05
0.445,1.254938626486409,1.1188296978211831,0.30350812522180015,0.3045302354501793,0.3045302323158671,1.1036851642568715,1.1036851585771499,1.0029817954282372e-05
0.45,1.2513647880166578,1.1174308505695691,0.3048883669112732,0.3012033231388456,0.30120332011738277,1.0976398737998645,1.0976398682944835,9.592311308814772e-06
0.455,1.2478564196684332,1.1160510780857724,0.3062735942297133,0.2979769920773924,0.29797698916396437,1.0917453770497816,1.0917453717125882,9.178139964705068e-06
0.46,1.2444118690261061,1.1146900573499197,0.3076638075314291,0.2948469198109681,0.29484691700100163,1.0859961690742157,1.0859961638993052,8.785850173720355e-06
0.465,1.2410295396773463,1.1133474723727166,0.309059006900621,0.2918089974056584,0.2918089946948081,1.0803869629084912,1.0803869578901961,8.414092417918795e-06
0.47000000000000003,1.2377078888077624,1.11202301400224,0.31045919214798146,0.2888593171178114,0.2888593145019471,1.0749126794634276,1.074912674596308,8.061612425724896e-06
0.47500000000000003,1.2344454249203516,1.1107163797371684,0.3118643628072808,0.285994160881508,0.28599415835670133,1.069568437981428,1.069568433260259,7.727244069721806e-06
0.48,1.2312407056721888,1.1094272735462154,0.3132745181319527,0.28320998955296656,0.28320998711547957,1.0643495470059947,1.064349542425757,7.409901845223388e-06
0.485,1.228092335821307,1.1081554056934981,0.3146896570916605,0.2805034328557532,0.2805034305020292,1.0592514958323225,1.0592514913881956,7.10857524133246e-06
0.49,1.2249989652772095,1.1069004925696377,0.3161097783688619,0.27787127997531114,0.2778712777019621,1.0542699464090042,1.0542699420963535,6.822322261346159e-06
0.495,1.2219592872488911,1.105662256528351,0.3175348803553634,0.2753104707555172,0.27531046855931723,1.049400725663018,1.049400721477391,6.5502647617066145e-06
0.5,1.218972036484672,1.1044404257283407,0.3189649611488694,0.27281808745381797,0.27281808533169194,1.0446398182221812,1.0446398141592956,6.291583117712385e-06
0.505,1.216035987598515,1.1032347339802675,0.3204000185495229,0.27039134701497614,0.2703913449639926,1.039983359511057,1.0399833555667948,6.0455120694524744e-06
0.51,1.213149953477861,1.1020449205986234,0.3218400500564428,0.2680275938266469,0.2680275918440105,1.0354276291979985,1.0354276253683992,5.811336761418762e-06
0.515,1.210312783768334,1.1008707302583158,0.32328505286425396,0.26572429292290417,0.2657242910059481,1.0309690449725524,1.0309690412538062,5.5883886691532325e-06
0.52,1.2075233634309792,1.0997119128557922,0.32473502385961717,0.26347902360448383,0.2634790217506626,1.026604156633868,1.026604153022308,5.376042416738169e-06
0.525,1.2047806113679675,1.0985682233745284,0.32618995961775116,0.2612894734469413,0.2612894716538251,1.0223296404720765,1.0223296369641743,5.173712782968742e-06
0.53,1.202083479112971,1.0974394217547283,0.3276498563989556,0.25915343267013125,0.2591534309353993,1.0181422939258171,1.0181422905181756,4.98085146488636e-06
0.535,1.1994309495826432,1.0963252727670767,0.3291147101451304,0.25706878884444495,0.25706878716588,1.0140390305001972,1.0140390271895456,4.796944707508022e-06
0.54,1.196822035885872,1.0952255458903926,0.3305845164762944,0.25503352191110457,0.25503352028658777,1.0100168749305223,1.010016871713711,4.621510701685594e-06
0.545,1.1942557801876774,1.0941400151930516,0.33205927068710583,0.25304569949551103,0.2530456979230167,1.0060729585780765,1.006072955452072,4.4540974977747005e-06
0.55,1.191731252624815,1.093068459218031,0.3335389677433802,0.25110347249420983,0.25110347097180036,1.0022045150451275,1.0022045120070062,4.294280721184318e-06
0.555,1.189247550270338,1.0920106608714568,0.3350236022786134,0.2492050709174698,0.24920506944329224,0.9984088759971433,0.9984088730440895,4.141661867573809e-06
0.56,1.1868037961445255,1.0909664073145178,0.33651316859050473,0.2473487999707926,0.24734879854307346,0.9946834671809773,0.9946834643102769,3.995866400652304e-06
0.5650000000000001,1.1843991382697496,1.0899354898586333,0.33800766063748444,0.24553303635987886,0.24553303497692022,0.9910258046284746,0.9910258018375107,3.8565421162650715e-06
0.5700000000000001,1.1820327487669962,1.0889177038637636,0.33950707203524594,0.24375622480469436,0.24375622346487116,0.9874334910356127,0.987433488321864,3.723357818452566e-06
0.5750000000000001,1.1797038229918908,1.08791284863974,0.3410113960532821,0.24201687474930672,0.24201687345106154,0.9839042123078988,0.9839042096689322,3.5960016054881194e-06
0.58,1.1774115787082051,1.0869207273505204,0.3425206256114293,0.24031355725510564,0.24031355599694684,0.9804357342633032,0.9804357316967733,3.4741798581872096e-06
0.585,1.175155255296946,1.0859411469212656,0.3440347532764182,0.2386449020658968,0.23864490084639473,0.9770258994845465,0.9770258969881909,3.357615981247619e-06
0.59,1.1729341129992283,1.084973917948137,0.3455537712584327,0.2370095948341602,0.23700959365194452,0.9736726243130392,0.9736726218846754,3.246049164684628e-06
0.595,1.1707474321912446,1.0840188546107195,0.347077671407677,0.23540637449850613,0.2354063733522626,0.9703738959772282,0.9703738936147501,3.139233554938503e-06
0.6,1.168594512689738,1.0830757745869897,0.348606445210956,0.2338340308030514,0.23383402969151934,0.9671277698485374,0.9671277675499124,3.0369370075389313e-06
0.605,1.1664746730864741,1.08214449897073,0.35014008378826406,0.23229140195006717,0.232291400872037,0.9639323668184758,0.9639323645817418,2.9389406149271657e-06
0.61,1.1643872501102994,1.0812248521913175,0.3516785778893873,0.23077737237784224,0.23077737133215334,0.9607858707908693,0.9607858686141326,2.8450375039734688e-06
0.615,1.1623315980154394,1.0803166619357962,0.3532219178905207,0.22929087065624068,0.22929086964177872,0.957686526283503,0.9576865241649352,2.7550322718727926e-06
0.62,1.1603070879947788,1.0794197590731671,0.35477009379089686,0.22783086749294168,0.2278308665086368,0.9546326361337992,0.9546326340716345,2.668740202216302e-06
0.625,1.1583131076169257,1.0785339775808152,0.356323095209434,0.22639637384381045,0.22639637288863498,0.9516225593034466,0.9516225572959796,2.5859866324418057e-06
0.63,1.1563490602859314,1.0776591544730023,0.3578809113813995,0.2249864391212823,0.22498643819424907,0.9486547087771868,0.9486547068227703,2.506606389063304e-06
0.635,1.154414364722599,1.0767951297313632,0.35944353115508954,0.22360014949504153,0.22360014859520172,0.9457275495512257,0.9457275476482679,2.430443018563988e-06
0.64,1.152508454466368,1.075941746237331,0.3610109429885322,0.22223662627964666,0.22223662540608852,0.9428395967069831,0.9428395948539465,2.3573484804750855e-06
0.645,1.1506307773968205,1.0750988497064373,0.36258313494620636,0.22089502440410147,0.22089502355594817,0.9399894135661347,0.939989411761533,2.2871825923753697e-06
0.65,1.1487807952739042,1.0742662886244194,0.3641600946957867,0.2195745309586881,0.21957453013509684,0.9371756099231096,0.9371756081655067,2.2198124103867123e-06
0.655,1.1469579832960115,1.07344391418508,0.36574180950490853,0.21827436381467674,0.2182743630148367,0.9343968403514146,0.9343968386394224,2.155111961443801e-06
0.66,1.145161829675106,1.072631580229839,0.3673282662379581,0.2169937703128057,0.2169937695359367,0.931651802580354,0.93165180091263,2.0929618137488504e-06
0.665,1.1433918352281243,1.071829143188931,0.36891945135288906,0.21573202601667998,0.21573202526203122,0.9289392359388853,0.9289392343141315,2.0332486068141975e-06
0.67,1.1416475129839194,1.0710364620241848,0.3705153508980637,0.21448843352747757,0.21448843279432667,0.9262579198635282,0.9262579182804899,1.9758648181489313e-06
0.675,1.1399283878050614,1.0702533981733426,0.3721159505091245,0.2132623213565766,0.21326232064422784,0.9236066724674018,0.9236066709248647,1.9207082976591128e-06
0.68,1.1382339960238275,1.0694798154958722,0.3737212354058929,0.2120530428529229,0.21205304216070647,0.920984349167613,0.920984347664403,1.8676820950913608e-06
0.685,1.1365638850917654,1.068715580220214,0.37533119038930207,0.21085997518215335,0.21085997450942415,0.9183898413683665,0.9183898399033477,1.8166940387032149e-06
0.6900000000000001,1.1349176132422307,1.0679605608924305,0.3769457998383569,0.20968251835466956,0.20968251770080595,0.9158220751972941,0.915822073769367,1.7676565534641142e-06
0.6950000000000001,1.133294749165342,1.0672146283262087,0.3785650477071333,0.20852009430002663,0.20852009366442995,0.9132800102926301,0.9132800089007312,1.7204863810293958e-06
0.7000000000000001,1.1316948716948116,1.0664776555541717,0.3801889175218072,0.20737214598515877,0.20737214536725188,0.9107626386389788,0.9107626372820788,1.6751043224738638e-06
0.705,1.130117569506148,1.0657495177804637,0.3818173923777237,0.20623813657411044,0.20623813597333723,0.9082689834495296,0.9082689821266324,1.6314350465285177e-06
0.71,1.128562440825744,1.0650300923345648,0.38345045493649976,0.20511754862708012,0.20511754804290402,0.9057980980926823,0.9057980968028229,1.58940682667974e-06
0.715,1.12702909315039,1.0643192586263035,0.3850880874231721,0.20400988333671163,0.2040098827686156,0.903349065061146,0.9033490638033906,1.548951379021224e-06
0.72,1.1255171429767763,1.0636168981020238,0.38673027162337853,0.20291465979968876,0.20291465924717386,0.900920994981666,0.9009209937551103,1.5100036784287951e-06
0.725,1.1240262155405658,1.062922894201877,0.38837698888058864,0.20183141432180132,0.2018314137843865,0.8985130256636268,0.8985130244673952,1.4725017926375816e-06
0.73,1.1225559445646405,1.0622371323182027,0.3900282200933693,0.20075969975475627,0.20075969923197698,0.8961243211848594,0.8961243200181033,1.4363866327471442e-06
0.735,1.1211059720161434,1.0615594997549653,0.3916839457127065,0.19969908486310542,0.1996990843545138,0.8937540710130621,0.8937540698749602,1.401601966710686e-06
0.74,1.1196759478719573,1.060889885688217,0.3933441457393616,0.19864915371975586,0.19864915322491952,0.8914014891613226,0.8914014880510791,1.3680941430282978e-06
0.745,1.1182655298922737,1.0602281811275522,0.39500879972128483,0.19760950512861286,0.1976095046471141,0.8890658133762941,0.8890658122931375,1.3358118681749964e-06
0.75,1.1168743834019286,1.059574278878531,0.39667788675107407,0.19657975207298806,0.19657975160442392,0.8867463043576512,0.8867463033008346,1.3047063887328125e-06
0.755,1.1155021810791874,1.0589280735060345,0.39835138546348503,0.1955595211884838,0.1955595207324649,0.8844422450075161,0.8844422439763151,1.2747309954819208e-06
0.76,1.1141486027516887,1.0582894612985336,0.40002927403299615,0.19454845225913056,0.194548451815281,0.8821529397085985,0.8821529387023114,1.2458412327331914e-06
0.765,1.1128133351992553,1.0576583402332367,0.40171153017142364,0.19354619773562845,0.19354619730358485,0.8798777136298622,0.8798777126478085,1.217994569396863e-06
0.77,1.111496071963305,1.0570346099420969,0.40339813112559764,0.19255242227460068,0.19255242185401195,0.877615912058574,0.8776159111000938,1.1911503347561414e-06
0.775,1.110196513162602,1.0564181716786487,0.405089053675091,0.19156680229783019,0.19156680188835717,0.8753668997576506,0.8753668988221046,1.165269738867547e-06
0.78,1.1089143653151008,1.055808928285655,0.40678427413001045,0.19058902557050536,0.19058902517182041,0.8731300603472666,0.8731300594340351,1.14031570064288e-06
0.785,1.107649341165646,1.055206784163537,0.4084837683288451,0.18961879079755178,0.18961879040933785,0.8709047957097303,0.8709047948182117,1.1162527332186922e-06
0.79,1.1064011595193035,1.0546116452395684,0.41018751163638106,0.18865580723717748,0.18865580685912806,0.8686905254166813,0.8686905245462921,1.0930468443970387e-06
0.795,1.105169545080105,1.054023418937808,0.4118954789416748,0.18769979433080528,0.18769979396262418,0.8664866861777053,0.8664866853278801,1.07066566917835e-06
0.8,1.1039542282950021,1.0534420141497538,0.4136076446560968,0.18675048134861053,0.1867504809900111,0.8642927313095038,0.8642927304796937,1.0490780649463627e-06
0.805,1.1027549452028318,1.0528673412056966,0.41532398271144,0.18580760704991983,0.185807606700625,0.8621081302247876,0.8621081294144604,1.0282543392303722e-06
0.81,1.1015714372881016,1.0522993118467519,0.417044466558094,0.18487091935777078,0.18487091901751226,0.8599323679401091,0.859932367148748,1.0081660143101967e-06
0.8150000000000001,1.100403451339419,1.051737839197553,0.4187690691632971,0.1839401750469638,0.1839401747154821,0.8577649446018736,0.8577649438289772,9.887857804480316e-07
0.8200000000000001,1.099250739312388,1.051182837739588,0.4204977630094513,0.1830151394449749,0.18301513912201905,0.8556053750298087,0.8556053742748909,9.700875923668306e-07
0.8250000000000001,1.0981130581968093,1.0506342232851598,0.4222305200925161,0.1820955861451301,0.18209558583045693,0.8534531882772015,0.8534531875397898,9.520463612466834e-07
0.8300000000000001,1.0969901698880242,1.0500919129519521,0.42396731192047765,0.18118129673147032,0.18118129642484465,0.8513079272072364,0.8513079264868727,9.346381314168095e-07
0.835,1.0958818410622528,1.0495558251381905,0.4257081095118918,0.18027206051476882,0.18027206021596281,0.849169148084806,0.8491691473810452,9.178398965858925e-07
0.84,1.0947878430557778,1.049025879498373,0.42745288339450815,0.17936767427918607,0.1793676739879793,0.8470364201831845,0.8470364194955947,9.01629569616258e-07
0.845,1.093707951747838,1.048501996919561,0.4292016036039711,0.17846794203907557,0.17846794175525438,0.8449093254049823,0.8449093247331441,8.859860765875194e-07
0.85,1.0926419474470952,1.047984099498217,0.43095423968260715,0.17757267480547784,0.17757267452883535,0.8427874579168293,0.8427874572603352,8.70889019982668e-07
0.855,1.0915896147815467,1.047472110517565,0.43271076067829095,0.17668169036186035,0.17668169009219614,0.8406704237972461,0.8406704231557005,8.563189954624573e-07
0.86,1.0905507425917635,1.046965954425472,0.43447113514339913,0.17579481304868808,0.1757948127858081,0.838557840697201,0.8385578400702198,8.422572878585832e-07
0.865,1.0895251238273318,1.0464655568128247,0.43623533113384877,0.1749118735564235,0.17491187330013963,0.836449337512855,0.8364493369000651,8.286859278228143e-07
0.87,1.088512555446389,1.045970844392399,0.4380033162082263,0.17403270872657936,0.17403270847670935,0.8343445540700302,0.834344553471069,8.155877175564097e-07
0.875,1.087512838318143,1.045481744978198,0.43977505742700346,0.17315716136046336,0.17315716111683058,0.832243140819949,0.8322431402344643,8.029460525915688e-07
0.88,1.0865257771282713,1.0449981874652579,0.44155052135184714,0.17228508003527138,0.1722850797977045,0.8301447585458126,0.8301447579734621,7.907450502164792e-07
0.885,1.085551180287102,1.0445201018099,0.44332967404502066,0.17141631892720374,0.1714163186955369,0.828049078079805,0.8280490775202564,7.78969416109776e-07
0.89,1.0845888598404774,1.0440474190104203,0.44511248106887946,0.17055073764129258,0.17055073741536472,0.8259557800301238,0.8259557794830538,7.676044282145522e-07
0.895,1.0836386313832096,1.043580071088209,0.44689890748546524,0.16968820104764457,0.1696882008272998,0.8238645545176575,0.8238645539827522,7.566359942201561e-07
0.9,1.0827003139750415,1.043117991069281,0.44868891785619275,0.16882857912381719,0.168828578908904,0.8217751009219425,0.8217751003988962,7.460505039580401e-07
0.905,1.0817737300590244,1.0426611129662133,0.45048247624164295,0.16797174680305857,0.1679717465934302,0.8196871276360477,0.8196871271245638,7.358348700081674e-07
0.91,1.0808587053822332,1.0422093717604775,0.4522795462014503,0.16711758382815534,0.16711758362366955,0.8176003518300499,0.8176003513298402,7.259765411327113e-07
0.915,1.0799550689187394,1.0417627033851529,0.4540800907942954,0.16626597461064382,0.16626597441116234,0.8155144992227761,0.8155144987335599,7.164633579193058e-07
0.92,1.0790626527947669,1.041321044708017,0.4558840725780027,0.1654168080951507,0.16541680790053967,0.8134293038614989,0.8134293033830037,7.072837374944019e-07
0.925,1.078181292215958,1.040884333514999,0.4576914536097404,0.164569977628642,0.1645699774387713,0.81134450790929,0.8113445074412504,6.984264377396521e-07
0.93,1.0773108253966786,1.0404525084939877,0.4595021954463284,0.1637253808343664,0.16372538064910988,0.809259861439739,0.8092598609818972,6.898806304833638e-07
0.935,1.076451093491297,1.0400255092189872,0.4613162591446552,0.16288291949029124,0.16288291930952636,0.8071751222387649,0.8071751217908698,6.816359220396251e-07
0.9400000000000001,1.07560194052737,1.0396032761346095,0.4631336052622043,0.1620424994118378,0.1620424992354457,0.8050900556132532,0.805090055175061,6.736822645292406e-07
0.9450000000000001,1.0747632133406757,1.039185750540896,0.46495419385769005,0.16120403033873054,0.1612040301665959,0.803004434206264,0.8030044337775375,6.660100443367512e-07
0.9500000000000001,1.0739347615120318,1.038772874578459,0.46677798449180774,0.1603674258257846,0.1603674256577953,0.8009180378185637,0.800918037399072,6.586099137451118e-07
0.9550000000000001,1.0731164373058415,1.0383645912139374,0.46860493622809546,0.15953260313746154,0.15953260297350888,0.7988306532362451,0.7988306528257635,6.514728870532505e-07
0.96,1.072308095610313,1.0379608442257564,0.47043500763391477,0.15869948314603405,0.15869948298601233,0.7967420740642082,0.796742073662518,6.445902998308828e-07
0.965,1.0715095938792973,1.0375615781901844,0.472268156781542,0.15786799023320425,0.15786799007701097,0.7946521005652832,0.7946521001721721,6.379538563527909e-07
0.97,1.0707207920756945,1.0371667384676801,0.47410434124938317,0.1570380521950296,0.15703805204256502,0.7925605395047866,0.7925605391200473,6.315554143820901e-07
0.975,1.069941552616376,1.036776271189524,0.4759435181233041,0.15620960015001373,0.15620960000118117,0.7904672040003019,0.7904672036237333,6.253872613382061e-07
0.98,1.0691717403185799,1.036390123244723,0.4777856439980811,0.1553825684502306,0.15538256830493596,0.7883719133764993,0.7883719130079051,6.194418723237671e-07
0.985,1.0684112223477262,1.0360082422671857,0.4796306749789749,0.15455689459535027,0.15455689445350232,0.7862744930247967,0.7862744926639864,6.137119798743651e-07
0.99,1.0676598681666154,1.0356305766231622,0.48147856668342415,0.153732519149445,0.1537325190109549,0.7841747742676883,0.784174773914476,6.081906312183083e-07
0.995,1.0669175494859604,1.0352570753989367,0.4833292742428664,0.1529093856604577,0.15290938552523925,0.7820725942275633,0.7820725938817681,6.028710347050215e-07
1.0,1.0661841402162155,1.0348876883887728,0.4851827523046791,0.15208744058221896,0.15208744045018832,0.7799677956998454,0.7799677953612913,5.977466974727008e-07
1.0050000000000001,1.0654595164206602,1.0345223660831024,0.4870389550342501,0.15126663319890618,0.1512666330699819,0.7778602270302967,0.7778602266988123,5.928112499220539e-07
1.01,1.0647435562696983,1.0341610596569517,0.4888978361171731,0.15044691555184014,0.15044691542594302,0.7757497419963223,0.7757497416717405,5.880586556872291e-07
1.0150000000000001,1.0640361399963392,1.033803720958602,0.49075934876157123,0.14962824236852162,0.14962824224557467,0.7736361996921334,0.7736361993742916,5.83482994420681e-07
1.02,1.0633371498528208,1.0334503024984747,0.4926234457005493,0.14881057099381206,0.14881057087374058,0.7715194644176181,0.7715194641063583,5.790785769510531e-07
1.025,1.0626464700683431,1.0331007574382414,0.4944900791947759,0.14799386132316827,0.1479938612058994,0.7693994055707822,0.7693994052659501,5.748398924643183e-07
1.03,1.0619639868078767,1.032755039580146,0.49635920103519493,0.14717807573784444,0.1471780756233076,0.7672758975436266,0.7672758972450721,5.707616068939547e-07
1.035,1.061289588132015,1.032413103356544,0.498230762545869,0.14636317904197818,0.1463631789301045,0.7651488196213287,0.7651488193289054,5.668385593959879e-07
1.04,1.0606231639578394,1.0320749038196422,0.5001047145869548,0.1455491384014806,0.14554913829220315,0.7630180558846051,0.7630180555981704,5.630657553545859e-07
1.045,1.0599646060207664,1.031740396631444,0.5019810075578118,0.144735923284655,0.14473592317790882,0.7608834951151326,0.7608834948345478,5.594383749862875e-07
1.05,1.0593138078373485,1.0314095380538901,0.503859591400242,0.14392350540447021,0.14392350530019196,0.7587450307039123,0.758745030429042,5.559517447240037e-07
1.055,1.0586706646690005,1.0310822849391914,0.5057404156018649,0.14311185866241916,0.14311185856054714,0.7566025605624638,0.7566025602931757,5.526012770151745e-07
1.06,1.058035073486623,1.0307585947203504,0.5076234291996294,0.14230095909389476,0.1423009589943693,0.7544559870367383,0.7544559867729046,5.493826753244502e-07
1.065,1.0574069329360996,1.0304384254018664,0.5095085807834562,0.14149078481502103,0.1414907847177837,0.7523052168236534,0.7523052165651484,5.462916031484522e-07
1.07,1.05678614330464,1.030121735550618,0.5113958185000185,0.1406813159708741,0.14068131587586832,0.7501501608901356,0.7501501606368376,5.433239738672491e-07
1.075,1.0561726064879438,1.0298084842869242,0.513285090056658,0.13987253468503844,0.139872534592209,0.7479907343945871,0.747990734146377,5.404757887073064e-07
1.08,1.0555662259581666,1.0294986312757732,0.515176342725437,0.13906442501043828,0.13906442491973167,0.7458268566106702,0.7458268563674324,5.377431784026054e-07
1.085,1.0549669067326584,1.029192136718222,0.5170695233473268,0.13825697288139246,0.13825697279275634,0.7436584508533268,0.7436584506149482,5.351223807958938e-07
1.09,1.0543745553434567,1.0288889613429564,0.5189645783365343,0.1374501660668391,0.13745016598022253,0.7414854444069394,0.7414854441733095,5.326097308189226e-07
1.095,1.0537890798075125,1.0285890663980135,0.5208614536849621,0.1366439941246818,0.13664399404003538,0.7393077684555515,0.7393077682265631,5.302017370978351e-07
1.1,1.0532103895976266,1.028292413642659,0.5227600949668101,0.13583844835720912,0.1358384482744847,0.7371253580150642,0.7371253577906127,5.278948917997184e-07
1.105,1.0526383956140786,1.0279989653394173,0.5246604473433114,0.13503352176754133,0.13503352168669203,0.7349381518673291,0.7349381516473125,5.256859520186286e-07
1.11,1.0520730101569264,1.027708684246252,0.5265624555676048,0.1342292090170623,0.13422920893804235,0.7327460924960633,0.7327460922803816,5.235716196982931e-07
1.115,1.0515141468989608,1.0274215336088919,0.5284660639897477,0.1334255063837928,0.13342550630655786,0.7305491260245072,0.7305491258130636,5.215487633436489e-07
1.12,1.0509617208592932,1.0271374771533,0.5303712165618617,0.1326224117216665,0.13262241164617325,0.7283472021547595,0.7283472019474593,5.196143420260757e-07
1.125,1.0504156483775626,1.026856479078282,0.5322778568434182,0.13181992442067056,0.13181992434687673,0.7261402741087167,0.7261402739054672,5.177653605858978e-07
1.1300000000000001,1.0498758470887422,1.0265785040482307,0.5341859280066596,0.13101804536781275,0.1310180452956775,0.7239282985705497,0.7239282983712614,5.159989647784968e-07
1.135,1.0493422358985305,1.0263035171860067,0.536095372842156,0.13021677690888214,0.1302167768383654,0.7217112356306562,0.7217112354352408,5.143123346929013e-07
1.1400000000000001,1.0488147349593098,1.0260314840659464,0.5380061337644979,0.1294161228109676,0.1294161227420304,0.7194890487310216,0.7194890485393934,5.127027391249595e-07
1.145,1.048293265646658,1.0257623707070003,0.5399181528181254,0.12861608822570403,0.12861608815830852,0.7172617046119332,0.7172617044240087,5.111675255298209e-07
1.1500000000000001,1.0477777505363972,1.025496143565995,0.5418313716832918,0.12781667965321436,0.12781667958732348,0.7150291732599848,0.7150291730756823,5.097041219093157e-07
1.155,1.0472681133821673,1.0252327695310195,0.5437457316821594,0.12701790490671902,0.12701790484229694,0.7127914278573193,0.7127914276765593,5.083100001745944e-07
1.16,1.0467642790935057,1.0249722159149282,0.5456611737850335,0.12621977307778387,0.12621977301479542,0.7105484447320503,0.710548444554755,5.069827349324374e-07
1.165,1.0462661737144245,1.024714450448964,0.5475776386167237,0.12542229450218118,0.12542229444059227,0.7083002033098146,0.7083002031359084,5.057199210511953e-07
1.17,1.0457737244024705,1.024459441276495,0.5494950664630431,0.12462548072633714,0.12462548066611445,0.7060466860664021,0.7060466858958109,5.045192564556711e-07
1.175,1.0452868594082507,1.0242071569468632,0.5514133972774332,0.1238293444743422,0.12382934441545325,0.7037878784814134,0.7037878783140649,5.033784637453742e-07
1.18,1.0448055080554206,1.0239575664093425,0.5533325706877241,0.12303389961550101,0.12303389955791418,0.7015237689929003,0.7015237688287238,5.022953476763181e-07
1.185,1.0443296007211127,1.0237106390072064,0.5552525260030211,0.12223916113239973,0.12223916107608437,0.6992543489529393,0.6992543487918667,5.012677631865969e-07
1.19,1.0438590688168,1.0234663444718988,0.5571732022207193,0.12144514508947019,0.12144514503439609,0.696979612584099,0.6969796124260625,5.002936033782213e-07
1.195,1.0433938447695814,1.0232246529173088,0.5590945380336492,0.12065186860203012,0.12065186854816819,0.6946995569367527,0.6946995567816873,4.993708613287851e-07
1.2,1.0429338620038788,1.0229855348341457,0.5610164718373423,0.11985934980578185,0.11985934975310346,0.6924141818472,0.6924141816950414,4.984975086885779e-07
1.205,1.0424790549235325,1.022748961084414,0.562938941737427,0.11906760782674947,0.11906760777522696,0.6901234898965531,0.6901234897472392,4.976716245774782e-07
1.21,1.0420293588942884,1.0225149028959843,0.5648618855571442,0.11827666275163971,0.1182766627012458,0.6878274863703535,0.6878274862238228,4.968912835079387e-07
1.215,1.0415847102266642,1.022283331857259,0.5667852408449868,0.1174865355986081,0.11748653554931648,0.6855261792188774,0.6855261790750707,4.96154672041671e-07
1.22,1.041145046159186,1.0220542199119307,0.5687089448824575,0.11669724828841713,0.11669724824020195,0.683219579018099,0.683219578876958,4.954599456818976e-07
1.225,1.0407103048419861,1.0218275393538312,0.5706329346919485,0.11590882361596976,0.11590882356880605,0.6809076989312715,0.6809076987927396,4.948053849984646e-07
1.23,1.0402804253207516,1.0216032628218703,0.5725571470447349,0.11512128522220691,0.11512128517607007,0.6785905546710974,0.678590554535119,4.941891980358992e-07
1.235,1.0398553475210157,1.021381363295062,0.5744815184690872,0.1143346575663533,0.11433465752121959,0.6762681644624514,0.6762681643289726,4.936097628693847e-07
1.24,1.0394350122327842,1.0211618140876333,0.5764059852584931,0.11354896589850266,0.11354896585434875,0.6739405490056305,0.6739405488745984,4.930654039503324e-07
1.245,1.039019361095486,1.020944588844221,0.5783304834799956,0.11276423623252743,0.11276423618933053,0.6716077314400942,0.6716077313114569,4.925545177281165e-07
1.25,1.0386083365832426,1.0207296615351473,0.5802549489826384,0.11198049531930508,0.11198049527704304,0.6692697373086731,0.6692697371823801,4.920755035109359e-07
1.2550000000000001,1.0382018819904453,1.020517006451775,0.5821793174060198,0.11119777062024883,0.11119777057890011,0.6669265945222123,0.6669265943982144,4.916268650512201e-07
1.26,1.0377999414176367,1.0203065982019461,0.5841035241889518,0.11041609028113528,0.11041609024067887,0.6645783333246286,0.664578333202878,4.91207067770949e-07
1.2650000000000001,1.037402459757684,1.0200984117054912,0.5860275045782254,0.1096354831062179,0.1096354830666332,0.6622249862583498,0.6622249861387992,4.90814636239234e-07
1.27,1.037009382682242,1.0198924221898196,0.5879511936374724,0.1088559785326204,0.10885597849388734,0.6598665881301171,0.6598665880127205,4.904481529788285e-07
1.2750000000000001,1.036620656628494,1.0196886051855805,0.5898745262561331,0.10807760660500076,0.10807760656709983,0.6575031759771226,0.6575031758618352,4.901061617101909e-07
1.28,1.0362362287861668,1.019486936522398,0.5917974371585147,0.10730039795047966,0.10730039791339176,0.6551347890334619,0.6551347889202397,4.897873301101807e-07
1.285,1.035856047084814,1.019287392324676,0.5937198609129483,0.10652438375382678,0.1065243837175333,0.6527614686968795,0.6527614685856796,4.894902739804863e-07
1.29,1.035480060181355,1.0190899490074754,0.5956417319410359,0.10574959573289847,0.10574959569738122,0.650383258495784,0.6503832583865646,4.892136646061918e-07
1.295,1.0351082174478732,1.0188945832724567,0.5975629845269863,0.10497606611432214,0.1049760660795635,0.6480002040565177,0.648000203949238,4.889562386367619e-07
1.3,1.0347404689596578,1.018701272103891,0.5994835528270409,0.10420382760942179,0.10420382757540446,0.6456123530708556,0.6456123529654756,4.887166817346689e-07
1.305,1.0343767654834892,1.0185099927647367,0.6014033708789803,0.10343291339038022,0.10343291335708728,0.6432197552637208,0.6432197551602011,4.884937796489908e-07
1.31,1.0340170584661605,1.0183207227927809,0.6033223726117147,0.10266335706663432,0.10266335703404925,0.6408224623610952,0.6408224622593975,4.882862832678025e-07
1.315,1.0336613000232278,1.018133439996843,0.6052404918549503,0.10189519266149946,0.10189519262960636,0.6384205280581114,0.6384205279581989,4.880930186690335e-07
1.32,1.0333094429279872,1.0179481224530402,0.6071576623489349,0.10112845458901987,0.10112845455780295,0.636014007987308,0.6360140078891438,4.87912809321589e-07
1.325,1.032961440600671,1.0177647485011163,0.6090738177542739,0.10036317763104247,0.10036317760048645,0.6336029596870345,0.6336029595905829,4.877445029249916e-07
1.33,1.0326172470978567,1.0175832967408258,0.6109888916618175,0.09959939691451122,0.09959939688460126,0.6311874425699904,0.6311874424752167,4.875869487053208e-07
1.335,1.0322768171020873,1.0174037460283802,0.6129028176026127,0.09883714788898079,0.09883714785970223,0.628767517891886,0.628767517798756,4.874390947262608e-07
1.34,1.0319401059116953,1.0172260754729496,0.6148155290579241,0.09807646630434737,0.09807646627568596,0.6263432487202121,0.6263432486286923,4.872998006222318e-07
1.345,1.031607069430826,1.017050264433221,0.6167269594693079,0.09731738818879511,0.09731738816073696,0.6239146999031041,0.6239146998131618,4.871680552576141e-07
1.35,1.0312776641596562,1.0168762925140113,0.6186370422487505,0.09655994982695809,0.09655994979948967,0.6214819380382928,0.6214819379498963,4.870427530168087e-07
1.355,1.030951847184804,1.0167041395629361,0.6205457107888572,0.09580418773829602,0.0958041877114041,0.6190450314421271,0.6190450313552451,4.869229506820894e-07
1.36,1.0306295761699236,1.0165337856671293,0.6224528984730935,0.09505013865568468,0.09505013862935623,0.616604050118663,0.6166040500332648,4.868075702546548e-07
1.365,1.0303108093464821,1.0163652111500157,0.6243585386860734,0.09429783950421934,0.09429783947844193,0.614159065728804,0.6141590656448602,4.866956763438512e-07
1.37,1.0299955055047156,1.0161983965681356,0.6262625648238918,0.09354732738023316,0.09354732735499441,0.6117101515594887,0.61171015147697,4.865863109104751e-07
1.375,1.0296836239847569,1.0160333227080178,0.6281649103044993,0.09279863953052989,0.09279863950581774,0.6092573824929162,0.609257382411794,4.864784788338739e-07
1.3800000000000001,1.0293751246679335,1.015869970583104,0.6300655085781132,0.09205181333183123,0.09205181330763394,0.6068008349757974,0.6068008348960438,4.863712977087875e-07
1.385,1.0290699679682322,1.0157083214307185,0.6319642931376609,0.09130688627044181,0.09130688624674792,0.6043405869886345,0.6043405869102221,4.862638546543341e-07
1.3900000000000001,1.0287681148239256,1.0155483567090888,0.6338611975292574,0.0905638959221303,0.09056389589892865,0.6018767180150111,0.6018767179379134,4.861552401480562e-07
1.395,1.0284695266893555,1.0153900580944093,0.6357561553627057,0.08982287993222994,0.08982287990950952,0.599409309010896,0.5994093089350866,4.8604458172119e-07
1.4000000000000001,1.0281741655268735,1.0152334074779532,0.6376491003220244,0.08908387599595924,0.08908387597370937,0.5969384423739494,0.5969384422994028,4.859310359650593e-07
1.405,1.0278819937989312,1.015078386963228,0.6395399661759901,0.0883469218389651,0.08834692181717538,0.5944642019128321,0.5944642018395233,4.858137583607647e-07
1.41,1.027592974460321,1.0149249788631756,0.6414286867887001,0.08761205519808946,0.08761205517674972,0.5919866728165067,0.5919866727444114,4.856919168516605e-07
1.415,1.0273070709505563,1.014773165697415,0.643315196130145,0.08687931380236236,0.08687931378146256,0.589505941623534,0.5895059415526278,4.85564715796416e-07
1.42,1.0270242471864008,1.0146229301895269,0.6451994282867896,0.08614873535422354,0.08614873533375403,0.5870220961913565,0.5870220961216163,4.854313523650067e-07
1.425,1.02674446755453,1.014474255264382,0.6470813174721601,0.08542035751097417,0.08542035749092546,0.5845352256655681,0.584535225596971,4.852910584773884e-07
1.43,1.0264676969043316,1.0143271240455083,0.6489607980374305,0.0846942178664624,0.08469421784682522,0.5820454204491687,0.5820454203816923,4.851430955576941e-07
1.435,1.0261939005408363,1.0141815198524984,0.6508378044820079,0.0839703539330043,0.08397035391376954,0.579552772171799,0.5795527721054211,4.84986677651289e-07
1.44,1.0259230442177798,1.014037426198458,0.6527122714641094,0.08324880312354323,0.08324880310470202,0.5770573736589568,0.5770573735936558,4.848211059282903e-07
1.445,1.0256550941307907,1.0138948267874919,0.654584133811331,0.08252960273405081,0.08252960271559463,0.5745593189011934,0.5745593188369488,4.846456734541871e-07
1.45,1.0253900169107029,1.0137537055122265,0.656453326531198,0.08181278992617198,0.08181278990809232,0.5720587030232893,0.5720587029600802,4.844596650233068e-07
1.455,1.0251277796169882,1.0136140464513737,0.6583197848217034,0.08109840171011662,0.0810984016924052,0.5695556222534077,0.5695556221912139,4.842624128642559e-07
1.46,1.0248683497313094,1.0134758338673273,0.6601834440818194,0.08038647492780207,0.08038647491045083,0.56705017389223,0.5670501738310317,4.840532359107197e-07
1.465,1.0246116951511879,1.0133390522037973,0.6620442399219842,0.07967704623624798,0.07967704621924912,0.5645424562820691,0.5645424562218474,4.838315028898865e-07
1.47,1.0243577841837865,1.0132036860834808,0.6639021081745621,0.07897015209122814,0.07897015207457385,0.5620325687759674,0.5620325687167029,4.835965685401344e-07
1.475,1.024106585539802,1.0130697203057637,0.6657569849042655,0.07826582873118083,0.0782658287148636,0.5595206117067747,0.5595206116484489,4.833478002286284e-07
1.48,1.0238580683274674,1.0129371398444622,0.6676088064185437,0.07756411216138231,0.0775641121453948,0.5570066863562135,0.5570066862988085,4.830846042913617e-07
1.485,1.0236122020466616,1.0128059298455925,0.6694575092779279,0.07686503813838547,0.07686503812272058,0.554490894923931,0.5544908948674291,4.828063975281793e-07
1.49,1.0233689565831219,1.0126760756251758,0.6713030303063339,0.0761686421547276,0.07616864213937818,0.551973340496541,0.5519733404409245,4.825125715368639e-07
1.495,1.0231283022027595,1.012547562667078,0.6731453066013127,0.07547495942390946,0.07547495940886874,0.5494541270166581,0.5494541269619102,4.822025984341227e-07
1.5,1.0228902095460755,1.0124203766208755,0.6749842755442513,0.07478402486565024,0.07478402485091147,0.5469333592519302,0.5469333591980342,4.818759169744613e-07
1.5050000000000001,1.0226546496226734,1.012294503299758,0.6768198748105158,0.07409587309141967,0.07409587307697625,0.5444111427640682,0.5444111427110075,4.815319775974825e-07
1.51,1.022421593805869,1.0121699286784585,0.6786520423795355,0.07341053839025198,0.07341053837609761,0.5418875838778814,0.5418875838256404,4.811702857265843e-07
1.5150000000000001,1.0221910138273935,1.012046638891216,0.6804807165448218,0.07272805471484375,0.07272805470097213,0.5393627896503197,0.5393627895988826,4.807903165315874e-07
1.52,1.021962881772189,1.011924620229764,0.682305835923921,0.07204845566793903,0.07204845565434408,0.5368368678395292,0.5368368677888808,4.803916123230501e-07
1.5250000000000001,1.0217371700732933,1.0118038591413536,0.6841273394682937,0.0713717744890045,0.07137177447568015,0.534309926873924,0.534309926824049,4.79973650158172e-07
1.53,1.0215138515068138,1.011684342226801,0.6859451664731216,0.0706980440411974,0.07069804402813783,0.53178207582128,0.5317820757721637,4.795360184217667e-07
1.5350000000000001,1.0212928991869872,1.011566056238563,0.6877592565870349,0.07002729679862954,0.07002729678582904,0.5292534243578573,0.5292534243094854,4.790782252017678e-07
1.54,1.0210742865613245,1.0114489880788458,0.689569549821757,0.06935956483392933,0.06935956482138231,0.5267240827375537,0.526724082689912,4.785998763967569e-07
1.545,1.0208579874058388,1.0113331247977329,0.6913759865616632,0.06869487980610513,0.06869487979380613,0.5241941617610983,0.524194161714173,4.781005320253495e-07
1.55,1.0206439758203536,1.011218453591346,0.6931785075732524,0.06803327294871186,0.06803327293665548,0.521663772745288,0.5216637726990652,4.775797823874939e-07
1.555,1.0204322262238916,1.0111049618000305,0.6949770540145219,0.06737477505832393,0.0673747750465051,0.5191330274922755,0.5191330274467426,4.770372725726446e-07
1.56,1.0202227133501416,1.010992636906565,0.696771567444251,0.06671941648331621,0.06671941647172966,0.5166020382589144,0.5166020382140576,4.764725771155831e-07
1.565,1.020015412243001,1.0108814665343984,0.6985619898311799,0.06606722711295548,0.06606722710159638,0.5140709177261654,0.5140709176819727,4.758853955066922e-07
1.57,1.019810298252194,1.0107714384459126,0.7003482635630907,0.06541823636680488,0.06541823635566817,0.5115397789685759,0.511539778925034,4.752753260950371e-07
1.575,1.0196073470289633,1.010662540540706,0.7021303314557764,0.0647724731844423,0.06477247317352333,0.5090087354238326,0.5090087353809297,4.746420752543834e-07
1.58,1.019406534521833,1.0105547608539065,0.7039081367619068,0.06412996601549585,0.0641299660047899,0.5064779008624003,0.5064779008201242,4.7398530203524025e-07
1.585,1.0192078369724433,1.0104480875545043,0.7056816231797749,0.06349074280999709,0.06349074279949964,0.5039473893572506,0.5039473893155897,4.7330470934192626e-07
1.59,1.0190112309114525,1.0103425089437095,0.7074507348619334,0.06285483100905406,0.06285483099876066,0.5014173152536879,0.5014173152126307,4.7260002564164516e-07
1.595,1.0188166931545088,1.0102380134533324,0.7092154164237071,0.0622222575358459,0.06222225752575213,0.49888779313928255,0.4988877930988175,4.7187095492118303e-07
1.6,1.0186242007982877,1.0101345896441878,0.710975612951588,0.06159304878693915,0.06159304877704083,0.49635893781391366,0.49635893777402995,4.711172526539187e-07
1.605,1.0184337312165943,1.010032226204519,0.7127312700115007,0.060967230623928684,0.060967230614221546,0.4938308642599354,0.4938308642206218,4.7033865814560816e-07
1.61,1.0182452620565297,1.0099309119484459,0.7144823336569447,0.06034482836540243,0.060344828355882424,0.4913036876124682,0.4913036875737141,4.6953494918511307e-07
1.615,1.0180587712347202,1.0098306358144344,0.7162287504370002,0.05972586677923237,0.05972586676989557,0.4887775231298279,0.48877752309162326,4.687059158015039e-07
1.62,1.0178742369336085,1.0097313868637858,0.7179704674042067,0.05911037007519122,0.05911037006603365,0.4862524861640965,0.4862524861264306,4.678513281786145e-07
1.625,1.0176916375978038,1.009633154279148,0.7197074321222995,0.0584983618978961,0.058498361888913934,0.4837286921318441,0.48372869209470687,4.6697103300852305e-07
1.6300000000000001,1.0175109519304921,1.009535927363047,0.7214395926738121,0.05788986532007949,0.05788986531126906,0.48120625648501075,0.48120625644839266,4.6606482541344807e-07
1.635,1.0173321588899042,1.0094396955364393,0.7231668976675335,0.057284902836187236,0.057284902827544906,0.4786852946819538,0.4786852946458452,4.651325689886132e-07
1.6400000000000001,1.0171552376858404,1.0093444483372822,0.7248892962458232,0.05668349635630427,0.05668349634782637,0.47616592215867054,0.4761659221230615,4.641740969785202e-07
1.645,1.016980167776251,1.0092501754191259,0.7266067380917806,0.0560856672004075,0.0560856671920906,0.47364825430020324,0.4736482542650848,4.631892935036408e-07
1.6500000000000001,1.0168069288638721,1.0091568665497237,0.728319173436264,0.055491436092945746,0.05549143608478645,0.4711324064122346,0.4711324063775976,4.621780259894681e-07
1.655,1.016635500892914,1.009064511609661,0.7300265530647584,0.05490082315774633,0.05490082314974131,0.4686184936928816,0.46861849365871727,4.6114020287035817e-07
1.6600000000000001,1.016465864045803,1.0089731005910039,0.7317288283240929,0.054313847913247525,0.05431384790539349,0.4661066312046956,0.466106631170995,4.600757290695867e-07
1.665,1.0162979987399754,1.0088826235959645,0.7334259511289996,0.05373052926805635,0.053730529260350074,0.4635969338468767,0.46359693381363115,4.589845234853618e-07
1.67,1.0161318856247201,1.0087930708355857,0.7351178739685176,0.053150885516830296,0.05315088550926862,0.4610895163277096,0.46108951629491046,4.57866522834971e-07
1.675,1.015967505578074,1.0087044326284444,0.7368045499122353,0.05257493433648244,0.052574934329062434,0.4585844931372296,0.4585844931048691,4.567216868311963e-07
1.68,1.0158048397037633,1.008616699399369,0.738485932616374,0.052002692782708346,0.05200269277542697,0.4560819785201268,0.45608197848819665,4.5554998173713557e-07
1.685,1.0156438693281953,1.0085298616781777,0.740161976329708,0.051434177286832944,0.05143417727968722,0.4535820864488938,0.45358208641738584,4.543513755783657e-07
1.69,1.015484575997495,1.0084439100984315,0.7418326358993191,0.0508694036529765,0.050869403645963616,0.451084930597228,0.4510849305661346,4.531258572526564e-07
1.695,1.0153269414745894,1.008358835396205,0.7434978667761858,0.050308387055537106,0.050308387048654236,0.4485906243136925,0.4485906242830059,4.51873454931917e-07
1.7,1.0151709477363355,1.0082746284088728,0.7451576250206047,0.04975114203698859,0.049751142030232974,0.44609928059564763,0.44609928056536013,4.505941512134015e-07
1.705,1.015016576970696,1.0081912800739132,0.7468118673074428,0.04919768250599037,0.04919768249935939,0.4436110120634535,0.443611012033558,4.4928801398724794e-07
1.71,1.014863811573954,1.0081087814277263,0.7484605509312197,0.04864802173580879,0.048648021729299835,0.44112593093496005,0.44112593090544944,4.4795507057882045e-07
1.715,1.0147126341479753,1.0080271236044689,0.7501036338110172,0.04810217236304548,0.048102172356655926,0.43864414900028237,0.4386441489711492,4.465953732657457e-07
1.72,1.0145630274975086,1.0079462978349047,0.7517410744952173,0.04756014638667176,0.047560146380399126,0.43616577759687547,0.43616577756811287,4.4520900517597273e-07
1.725,1.0144149746275302,1.007866295445269,0.7533728321660652,0.04702195516736528,0.047021955161207066,0.4336909275849117,0.4336909275565126,4.43796039001354e-07
1.73,1.0142684587406279,1.007787107856149,0.7549988666440575,0.04648760942714648,0.046487609421100334,0.43121970932296905,0.431219709294927,4.423565814482e-07
1.735,1.0141234632344247,1.0077087265813787,0.7566191383921559,0.04595711924931145,0.045957119243375054,0.4287522326440363,0.42875223261634476,4.408907392228212e-07
1.74,1.0139799716990419,1.0076311432269485,0.7582336085198222,0.04543049407865831,0.04543049407282934,0.42628860683184255,0.42628860680449504,4.3939861864294993e-07
1.745,1.0138379679146003,1.0075543494899284,0.7598422387868792,0.04490774272200308,0.044907742716279286,0.4238289405975155,0.4238289405705056,4.378803782206786e-07
1.75,1.01369743584876,1.007478337157406,0.7614449916071888,0.04438887334898262,0.04438887334336182,0.4213733420565787,0.42137334202990023,4.3633614307814206e-07
1.7550000000000001,1.0135583596542959,1.0074030981054383,0.7630418300521575,0.04387389349313943,0.04387389348761947,0.4189219187062879,0.4189219186799348,4.347660793047048e-07
1.76,1.013420723666711,1.0073286242980157,0.7646327178540578,0.04336281005328608,0.04336281004786479,0.41647477740331923,0.41647477737728505,4.331703495757955e-07
1.7650000000000001,1.0132845124018843,1.0072549077860424,0.7662176194091739,0.042855629295144006,0.042855629289819404,0.41403202434180864,0.41403202431608793,4.3154913961784835e-07
1.77,1.013149710553755,1.0071819407063265,0.7677964997807664,0.042352356853253635,0.042352356848023714,0.41159376503175377,0.41159376500634076,4.2990264517706045e-07
1.7750000000000001,1.01301630299204,1.0071097152805872,0.7693693247018577,0.04185299773315073,0.04185299772801347,0.40916010427777894,0.4091601042526677,4.2823106410905254e-07
1.78,1.0128842747599862,1.00703822381447,0.7709360605778366,0.04135755631380538,0.041357556308758904,0.4067311461582719,0.40673114613345707,4.2653460663455434e-07
1.7850000000000001,1.0127536110721553,1.0069674586965782,0.7724966744888867,0.04086603635031855,0.04086603634536095,0.404306994004895,0.40430699398037107,4.248135083290139e-07
1.79,1.0126242973122426,1.006897412397517,0.7740511341922294,0.04037844097687237,0.0403784409720018,0.40188775038247865,0.4018877503582402,4.230679934852377e-07
1.795,1.0124963190309262,1.006828077468947,0.7755994081241923,0.03989477270992851,0.039894772705143175,0.3994735170692971,0.39947351704533896,4.2129832286685875e-07
1.8,1.0123696619437497,1.0067594465426521,0.7771414654020976,0.03941503345167092,0.03941503344696905,0.3970643950377365,0.39706439501405333,4.19504730939102e-07
1.805,1.0122443119290345,1.006691512329618,0.7786772758259689,0.03893922449368721,0.03893922448906705,0.3946604844353547,0.39466048441194135,4.1768751024573447e-07
1.81,1.0121202550258233,1.006624267619125,0.7802068098800625,0.038467346520884245,0.03846734651634408,0.3922618845663404,0.3922618845431918,4.158469217446781e-07
1.815,1.011997477431853,1.0065577052778485,0.781730038734221,0.03799939961563254,0.03799939961117075,0.3898686938733734,0.3898686938504847,4.1398324700236966e-07
1.82,1.0118759655015586,1.006491818248974,0.7832469342450455,0.037535383262134396,0.037535383257749404,0.3874810099198896,0.38748100989725626,4.1209680082254785e-07
1.825,1.0117557057441038,1.006426599551322,0.7847574689568975,0.03707529635101095,0.03707529634670111,0.38509892937275714,0.38509892935037415,4.101878701145978e-07
1.83,1.0116366848214418,1.0063620422784838,0.7862616161027187,0.036619137184101855,0.036619137179865716,0.3827225479853616,0.38272254796322475,4.082567825608452e-07
1.835,1.0115188895464036,1.0062981395979698,0.7877593496046814,0.03616690347947347,0.03616690347530938,0.3803519605811095,0.38035196055921355,4.06303842154232e-07
1.84,1.0114023068808133,1.0062348847503662,0.7892506440746604,0.035718592376628805,0.03571859237253537,0.37798726103734664,0.3779872610156875,4.0432939482637487e-07
1.845,1.0112869239336322,1.0061722710485042,0.7907354748145343,0.035274200441915024,0.035274200437890785,0.3756285422697004,0.3756285422482737,4.023337742270483e-07
1.85,1.0111727279591263,1.0061102918766385,0.7922138178163144,0.034833723674121644,0.034833723670165184,0.373275896216842,0.3732758961956434,4.0031733725132135e-07
1.855,1.0110597063550635,1.0060489406896371,0.7936856497621017,0.034397157510264946,0.03439715750637483,0.37092941382567624,0.3709294138047013,3.98280414440344e-07
1.86,1.010947846660934,1.0059882110121803,0.7951509480238764,0.03396449683155183,0.033964496827726766,0.3685891850369559,0.36858918501620075,3.9622339978451215e-07
1.865,1.010837136556198,1.00592809643797,0.7966096906631172,0.033535735969518754,0.03353573596575738,0.3662552987713284,0.36625529875078877,3.941466396317761e-07
1.87,1.010727563858555,1.0058685906289495,0.7980618564302538,0.03311086871233834,0.03311086870863937,0.3639278429158085,0.3639278428954804,3.9205051961810344e-07
1.875,1.0106191165222416,1.0058096873145315,0.7995074247639554,0.032689888311289536,0.032689888307651696,0.3616069043106867,0.3616069042905663,3.899354173164671e-07
1.8800000000000001,1.0105117826363512,1.0057513802908387,0.8009463757902542,0.032272787487384144,0.03227278748380624,0.3592925687368674,0.35929256871695103,3.8780174053953953e-07
1.885,1.0104055504231768,1.005693663419949,0.8023786903215049,0.03185955843814503,0.03185955843462574,0.3569849209036428,0.3569849208839261,3.8564985425926235e-07
1.8900000000000001,1.0103004082365783,1.0056365306291546,0.8038043498551879,0.031450192844528914,0.03145019284106719,0.3546840444368983,0.3546840444173783,3.8348019794354204e-07
1.895,1.0101963445603717,1.0055799759102289,0.8052233365725477,0.03104468187798947,0.031044681874583997,0.3523900218677565,0.3523900218484286,3.8129314682000537e-07
1.9000000000000001,1.0100933480067422,1.0055239933187001,0.8066356333370783,0.030643016207672995,0.03064301620432276,0.35010293462165093,0.35010293460251235,3.790891344723768e-07
1.905,1.0099914073146776,1.0054685769731386,0.8080412236928513,0.030245186007742647,0.03024518600444648,0.34782286300783993,0.3478228629888868,3.76868571516642e-07
1.9100000000000001,1.009890511348425,1.0054137210544476,0.8094400918626904,0.0298511809648238,0.029851180961580605,0.3455498862093507,0.34554988619057947,3.7463187602115866e-07
1.915,1.0097906490959678,1.0053594198051659,0.8108322227461946,0.02946099028556577,0.02946099028237449,0.3432840822733601,0.3432840822547675,3.723794916726808e-07
1.92,1.0096918096675247,1.0053056675287788,0.8122176019176116,0.029074602704313463,0.029074602701173093,0.3410255281020086,0.3410255280835914,3.701118363591549e-07
1.925,1.0095939822940687,1.0052524585890377,0.8135962156235627,0.02869200649088319,0.02869200648779267,0.33877429944364545,0.33877429942540016,3.6782935021462126e-07
1.93,1.009497156325867,1.005199787409285,0.8149680507806232,0.02831318945843714,0.028313189455395453,0.3365304708845078,0.33653047086643106,3.655324780499347e-07
1.935,1.0094013212310404,1.0051476484717932,0.816333094972759,0.027938138971450255,0.0279381389684565,0.33429411584082813,0.33429411582291724,3.6322165766766723e-07
1.94,1.0093064665941434,1.005096036317104,0.8176913364486208,0.027566841953764156,0.027566841950817312,0.33206530655137195,0.33206530653362337,3.608973414004346e-07
1.945,1.009212582114762,1.005044945543384,0.8190427641187017,0.02719928489672208,0.02719928489382125,0.32984411407040193,0.32984411405281283,3.585599808730855e-07
1.95,1.009119657606133,1.0049943708057825,0.8203873675523552,0.02683545386737943,0.02683545386452369,0.3276306082610685,0.3276306082436358,3.5621001363839166e-07
1.955,1.00902768299378,1.004944306815797,0.8217251369746795,0.026475334516783827,0.02647533451397232,0.3254248577892219,0.3254248577719429,3.5384791798043214e-07
1.96,1.0089366483141693,1.0048947483406514,0.8230560632632715,0.026118912088319856,0.026118912085551674,0.3232269301176488,0.3232269301005204,3.514741388488396e-07
1.965,1.0088465437133824,1.004845690202675,0.8243801379448488,0.025766171426111848,0.025766171423386105,0.3210368915007236,0.32103689148374276,3.4908913018605325e-07
1.97,1.008757359445809,1.0047971272786953,0.8256973531917443,0.025417096983480245,0.02541709698079619,0.31885480697947927,0.3188548069626437,3.466933725798649e-07
1.975,1.008669085872855,1.004749054499433,0.8270077018182784,0.025071672831445485,0.02507167282880227,0.3166807403770901,0.31668074036039684,3.4428730412428e-07
1.98,1.0085817134616697,1.0047014668489074,0.8283111772770053,0.02472988266727408,0.024729882664670848,0.3145147542947649,0.3145147542782109,3.4187140951491557e-07
1.985,1.008495232783889,1.004654359363848,0.8296077736548421,0.024391709823061866,0.024391709820497914,0.31235691010804845,0.31235691009163163,3.394461395300752e-07
1.99,1.0084096345143956,1.0046077271331124,0.8308974856690794,0.024057137274348783,0.024057137271823303,0.3102072679635265,0.31020726794724396,3.3701197053870313e-07
1.995,1.008324909430097,1.0045615652971132,0.8321803086632771,0.023726147648760243,0.02372614764627252,0.3080658867759314,0.3080658867597808,3.345693645601111e-07
2.0,1.008241048408718,1.0045158690472487,0.8334562386030477,0.023398723234669926,0.023398723232219223,0.3059328242256455,0.3059328242096243,
